{"cameraMode":{"drawMode":0,"name":"Shaded","section":"Shading Mode"},"sceneLighting":false,"audioPlay":false,"sceneViewState":{"showFog":true,"showMaterialUpdate":false,"showSkybox":true,"showFlares":true,"showImageEffects":true,"showParticleSystems":true},"in2DMode":false,"pivot":{"x":7.9425048828125,"y":-5.827690124511719,"z":0.2451171875},"rotation":{"x":-0.010105296969413758,"y":0.27105045318603518,"z":0.002848678268492222,"w":0.962507963180542},"size":4.233863353729248,"orthographic":true}