{"cameraMode":{"drawMode":0,"name":"Shaded","section":"Shading Mode"},"sceneLighting":false,"audioPlay":false,"sceneViewState":{"showFog":true,"showMaterialUpdate":false,"showSkybox":true,"showFlares":true,"showImageEffects":true,"showParticleSystems":true},"in2DMode":false,"pivot":{"x":-0.0017841458320617676,"y":1.865896224975586,"z":0.008943095803260804},"rotation":{"x":7.198716502898606e-7,"y":0.05097806081175804,"z":0.0000015309212813008344,"w":0.9986997842788696},"size":7.675541400909424,"orthographic":true}