{"cameraMode":{"drawMode":0,"name":"Shaded","section":"Shading Mode"},"sceneLighting":false,"audioPlay":false,"sceneViewState":{"showFog":true,"showMaterialUpdate":false,"showSkybox":true,"showFlares":true,"showImageEffects":true,"showParticleSystems":true},"in2DMode":false,"pivot":{"x":-0.8369140625,"y":-5.38446044921875,"z":-5.701171875},"rotation":{"x":0.016718432307243348,"y":-0.3703961670398712,"z":0.0066678631119430069,"w":0.9286994338035584},"size":6.585573196411133,"orthographic":true}