{"cameraMode":{"drawMode":0,"name":"Shaded","section":"Shading Mode"},"sceneLighting":false,"audioPlay":false,"sceneViewState":{"showFog":true,"showMaterialUpdate":false,"showSkybox":true,"showFlares":true,"showImageEffects":true,"showParticleSystems":true},"in2DMode":false,"pivot":{"x":0.000001430511474609375,"y":0.7347106337547302,"z":-0.9000002145767212},"rotation":{"x":0.08582854270935059,"y":0.6153162121772766,"z":-0.06764638423919678,"w":0.7806684970855713},"size":11.339605331420899,"orthographic":true}