{"cameraMode":{"drawMode":0,"name":"Shaded","section":"Shading Mode"},"sceneLighting":true,"audioPlay":false,"sceneViewState":{"showFog":true,"showMaterialUpdate":false,"showSkybox":true,"showFlares":true,"showImageEffects":true,"showParticleSystems":true},"in2DMode":false,"pivot":{"x":-1.9083586931228638,"y":-4.642803192138672,"z":-5.892679214477539},"rotation":{"x":0.13748674094676972,"y":-0.4601113498210907,"z":0.07236553728580475,"w":0.874161422252655},"size":22.605506896972658,"orthographic":true}