{"cameraMode":{"drawMode":0,"name":"Shaded","section":"Shading Mode"},"sceneLighting":false,"audioPlay":false,"sceneViewState":{"showFog":true,"showMaterialUpdate":false,"showSkybox":true,"showFlares":true,"showImageEffects":true,"showParticleSystems":true},"in2DMode":false,"pivot":{"x":208.654052734375,"y":5.823417663574219,"z":9.4794921875},"rotation":{"x":7.198716502898606e-7,"y":0.05097806081175804,"z":0.0000015309212813008344,"w":0.9986997842788696},"size":6.497803688049316,"orthographic":true}