{"cameraMode":{"drawMode":0,"name":"Shaded","section":"Shading Mode"},"sceneLighting":false,"audioPlay":false,"sceneViewState":{"showFog":true,"showMaterialUpdate":false,"showSkybox":true,"showFlares":true,"showImageEffects":true,"showParticleSystems":true},"in2DMode":false,"pivot":{"x":-0.039794921875,"y":1.224853515625,"z":0.013671875},"rotation":{"x":0.07576055079698563,"y":0.13123206794261933,"z":-0.010058886371552945,"w":0.9884014129638672},"size":5.622614860534668,"orthographic":true}