{"cameraMode":{"drawMode":0,"name":"Shaded","section":"Shading Mode"},"sceneLighting":false,"audioPlay":false,"sceneViewState":{"showFog":true,"showMaterialUpdate":false,"showSkybox":true,"showFlares":true,"showImageEffects":true,"showParticleSystems":true},"in2DMode":false,"pivot":{"x":-119.74072265625,"y":31.548404693603517,"z":-12.07783317565918},"rotation":{"x":0.040144581347703937,"y":-0.13002356886863709,"z":0.005269878543913364,"w":0.9906838536262512},"size":2.3334522247314455,"orthographic":true}