{"cameraMode":{"drawMode":0,"name":"Shaded","section":"Shading Mode"},"sceneLighting":false,"audioPlay":false,"sceneViewState":{"showFog":true,"showMaterialUpdate":false,"showSkybox":true,"showFlares":true,"showImageEffects":true,"showParticleSystems":true},"in2DMode":false,"pivot":{"x":0.5587842464447022,"y":1.5345371961593629,"z":0.004572749137878418},"rotation":{"x":0.1250317394733429,"y":-0.18050318956375123,"z":0.023139694705605508,"w":0.9753206372261047},"size":10.451494216918946,"orthographic":false}