{"cameraMode":{"drawMode":0,"name":"Shaded","section":"Shading Mode"},"sceneLighting":false,"audioPlay":false,"sceneViewState":{"showFog":true,"showMaterialUpdate":false,"showSkybox":true,"showFlares":true,"showImageEffects":true,"showParticleSystems":true},"in2DMode":false,"pivot":{"x":0.000001430511474609375,"y":0.7347106337547302,"z":-0.9000002145767212},"rotation":{"x":0.03154894337058067,"y":-0.2924940884113312,"z":0.009659557603299618,"w":0.9556979537010193},"size":15.403021812438965,"orthographic":true}