{"cameraMode":{"drawMode":0,"name":"Shaded","section":"Shading Mode"},"sceneLighting":false,"audioPlay":false,"sceneViewState":{"showFog":true,"showMaterialUpdate":false,"showSkybox":true,"showFlares":true,"showImageEffects":true,"showParticleSystems":true},"in2DMode":false,"pivot":{"x":0.10835528373718262,"y":1.1229485273361207,"z":0.0},"rotation":{"x":0.08103413134813309,"y":0.31436342000961306,"z":-0.026943355798721315,"w":0.945453941822052},"size":8.1928071975708,"orthographic":true}