{"cameraMode":{"drawMode":0,"name":"Shaded","section":"Shading Mode"},"sceneLighting":false,"audioPlay":false,"sceneViewState":{"showFog":true,"showMaterialUpdate":false,"showSkybox":true,"showFlares":true,"showImageEffects":true,"showParticleSystems":true},"in2DMode":false,"pivot":{"x":0.025579214096069337,"y":0.8708785772323608,"z":0.0},"rotation":{"x":0.06894451379776001,"y":0.004489259794354439,"z":-0.00031024959753267467,"w":0.9976103901863098},"size":11.342653274536133,"orthographic":true}