{"cameraMode":{"drawMode":0,"name":"Shaded","section":"Shading Mode"},"sceneLighting":false,"audioPlay":false,"sceneViewState":{"showFog":true,"showMaterialUpdate":false,"showSkybox":true,"showFlares":true,"showImageEffects":true,"showParticleSystems":true},"in2DMode":false,"pivot":{"x":0.10835528373718262,"y":1.1229485273361207,"z":0.0},"rotation":{"x":0.10726254433393479,"y":0.09826281666755676,"z":-0.010653386823832989,"w":0.9893056154251099},"size":8.1928071975708,"orthographic":true}