{"cameraMode":{"drawMode":0,"name":"Shaded","section":"Shading Mode"},"sceneLighting":false,"audioPlay":false,"sceneViewState":{"showFog":true,"showMaterialUpdate":false,"showSkybox":true,"showFlares":true,"showImageEffects":true,"showParticleSystems":true},"in2DMode":false,"pivot":{"x":0.025579214096069337,"y":0.8708785772323608,"z":0.0},"rotation":{"x":0.0576997734606266,"y":0.3992847800254822,"z":-0.025188496336340905,"w":0.9146628379821777},"size":7.632521629333496,"orthographic":true}