{"cameraMode":{"drawMode":0,"name":"Shaded","section":"Shading Mode"},"sceneLighting":false,"audioPlay":false,"sceneViewState":{"showFog":true,"showMaterialUpdate":false,"showSkybox":true,"showFlares":true,"showImageEffects":true,"showParticleSystems":true},"in2DMode":false,"pivot":{"x":-0.13134765625,"y":2.08148193359375,"z":0.20703125},"rotation":{"x":-0.0014999551931396127,"y":-0.02640433982014656,"z":0.000042353658500360325,"w":-0.999650239944458},"size":7.572495937347412,"orthographic":true}