{"cameraMode":{"drawMode":0,"name":"Shaded","section":"Shading Mode"},"sceneLighting":false,"audioPlay":false,"sceneViewState":{"showFog":true,"showMaterialUpdate":true,"showSkybox":true,"showFlares":true,"showImageEffects":true,"showParticleSystems":true},"in2DMode":false,"pivot":{"x":0.0,"y":0.06000041961669922,"z":2.8572075366973879},"rotation":{"x":0.1485075205564499,"y":-0.6549027562141419,"z":0.13343647122383119,"w":0.7288640141487122},"size":12.081755638122559,"orthographic":true}