{"cameraMode":{"drawMode":0,"name":"Shaded","section":"Shading Mode"},"sceneLighting":false,"audioPlay":false,"sceneViewState":{"showFog":true,"showMaterialUpdate":true,"showSkybox":true,"showFlares":true,"showImageEffects":true,"showParticleSystems":true},"in2DMode":false,"pivot":{"x":-1.0450197458267213,"y":0.5782938003540039,"z":5.545707702636719},"rotation":{"x":0.07934623211622238,"y":-0.04185504838824272,"z":0.0033345043193548919,"w":0.9959625005722046},"size":16.565542221069337,"orthographic":false}