{"cameraMode":{"drawMode":0,"name":"Shaded","section":"Shading Mode"},"sceneLighting":false,"audioPlay":false,"sceneViewState":{"showFog":true,"showMaterialUpdate":true,"showSkybox":true,"showFlares":true,"showImageEffects":true,"showParticleSystems":true},"in2DMode":false,"pivot":{"x":0.0,"y":5.909998893737793,"z":0.15000057220458985},"rotation":{"x":0.18978117406368257,"y":-0.23026955127716065,"z":0.04583892226219177,"w":0.9533403515815735},"size":66.55460357666016,"orthographic":true}