{"cameraMode":{"drawMode":0,"name":"Shaded","section":"Shading Mode"},"sceneLighting":false,"audioPlay":false,"sceneViewState":{"showFog":true,"showMaterialUpdate":true,"showSkybox":true,"showFlares":true,"showImageEffects":true,"showParticleSystems":true},"in2DMode":false,"pivot":{"x":0.0,"y":2.857207775115967,"z":-0.06000077724456787},"rotation":{"x":0.002889706287533045,"y":-0.2696208953857422,"z":0.000807829259429127,"w":0.9629619121551514},"size":12.081756591796875,"orthographic":true}